key,en,ar
accessibility.add_favorite,Add to favorites,Ø¥Ø¶Ø§ÙØ© Ø¥Ù„Ù‰ Ø§Ù„Ù…ÙØ¶Ù„Ø©
accessibility.available_nostr,Available via Nostr,Ù…ØªØ§Ø­ Ø¹Ø¨Ø± Nostr
accessibility.back_to_main,Back to main chat,Ø§Ù„Ø¹ÙˆØ¯Ø© Ø¥Ù„Ù‰ Ø§Ù„Ø¯Ø±Ø¯Ø´Ø© Ø§Ù„Ø±Ø¦ÙŠØ³ÙŠØ©
accessibility.connected_mesh,Connected via mesh,Ù…ØªØµÙ„ Ø¹Ø¨Ø± Ø§Ù„Ø´Ø¨ÙƒØ©
accessibility.encryption_status,Encryption status: %@,Ø­Ø§Ù„Ø© Ø§Ù„ØªØ´ÙÙŠØ±: %@
accessibility.location_channels,location channels,Ù‚Ù†ÙˆØ§Øª Ø§Ù„Ù…ÙˆÙ‚Ø¹
accessibility.open_unread_private_chat,Open unread private chat,ÙØªØ­ Ø¯Ø±Ø¯Ø´Ø© Ø®Ø§ØµØ© ØºÙŠØ± Ù…Ù‚Ø±ÙˆØ¡Ø©
accessibility.people_count,accessibility.people_count,accessibility.people_count
accessibility.people_count.few,%d people,%d people
accessibility.people_count.many,%d people,%d people
accessibility.people_count.one,%d person,%d Ø´Ø®Øµ
accessibility.people_count.other,%d people,%d Ø£Ø´Ø®Ø§Øµ
accessibility.private_chat_with,Private chat with %@,Ø¯Ø±Ø¯Ø´Ø© Ø®Ø§ØµØ© Ù…Ø¹ %@
accessibility.remove_favorite,Remove from favorites,Ø¥Ø²Ø§Ù„Ø© Ù…Ù† Ø§Ù„Ù…ÙØ¶Ù„Ø©
accessibility.send_message,Send message,Ø¥Ø±Ø³Ø§Ù„ Ø±Ø³Ø§Ù„Ø©
accessibility.send_message_hint_empty,Enter a message to send,Ø£Ø¯Ø®Ù„ Ø±Ø³Ø§Ù„Ø© Ù„Ø¥Ø±Ø³Ø§Ù„Ù‡Ø§
accessibility.send_message_hint_ready,Double tap to send,Ø§Ø¶ØºØ· Ù…Ø±ØªÙŠÙ† Ù„Ù„Ø¥Ø±Ø³Ø§Ù„
accessibility.toggle_favorite_hint,Double tap to toggle favorite status,Ø§Ù†Ù‚Ø± Ù…Ø±ØªÙŠÙ† Ù„ØªØ¨Ø¯ÙŠÙ„ Ø§Ù„Ù…ÙØ¶Ù„Ø©
accessibility.view_fingerprint_hint,Tap to view encryption fingerprint,Ø§Ø¶ØºØ· Ù„Ø¹Ø±Ø¶ Ø¨ØµÙ…Ø© Ø§Ù„ØªØ´ÙÙŠØ±
action.screenshot.core,took a screenshot,Ø§Ù„ØªÙ‚Ø· Ù„Ù‚Ø·Ø© Ø´Ø§Ø´Ø©
action.screenshot.self,you took a screenshot,Ù„Ù‚Ø¯ Ø§Ù„ØªÙ‚Ø·Øª Ù„Ù‚Ø·Ø© Ø´Ø§Ø´Ø©
actions.block,BLOCK,Ø­Ø¸Ø±
actions.copy_message,Copy message,Ù†Ø³Ø® Ø§Ù„Ø±Ø³Ø§Ù„Ø©
actions.hug,hug,Ø¹Ù†Ø§Ù‚
actions.mention,mention,Ø¥Ø´Ø§Ø±Ø©
actions.private_message,private message,Ø±Ø³Ø§Ù„Ø© Ø®Ø§ØµØ©
actions.slap,slap,ØµÙØ¹Ø©
actions.title,Actions,Ø¥Ø¬Ø±Ø§Ø¡Ø§Øª
actions.unblock,Unblock,Ø¥Ù„ØºØ§Ø¡ Ø§Ù„Ø­Ø¸Ø±
alert.bluetooth.off_message,Bluetooth is turned off. Please turn on Bluetooth in Settings to use BitChat.,Bluetooth Ù…ÙØ¹Ø·Ù‘Ù„. ÙØ¹Ù‘Ù„ Bluetooth Ù…Ù† Ø§Ù„Ø¥Ø¹Ø¯Ø§Ø¯Ø§Øª Ù„Ø§Ø³ØªØ®Ø¯Ø§Ù… bitchat.
alert.bluetooth.unauthorized_message,BitChat needs Bluetooth permission to connect with nearby devices. Please enable Bluetooth access in Settings.,ÙŠØ­ØªØ§Ø¬ bitchat Ø¥Ù„Ù‰ Ø¥Ø°Ù† Bluetooth Ù„Ù„Ø§ØªØµØ§Ù„ Ø¨Ø§Ù„Ø£Ø¬Ù‡Ø²Ø© Ø§Ù„Ù‚Ø±ÙŠØ¨Ø©. ÙØ¹Ù‘Ù„ Ø§Ù„ÙˆØµÙˆÙ„ Ù…Ù† Ø§Ù„Ø¥Ø¹Ø¯Ø§Ø¯Ø§Øª.
alert.bluetooth.unsupported_message,This device does not support Bluetooth. BitChat requires Bluetooth to function.,Ù‡Ø°Ø§ Ø§Ù„Ø¬Ù‡Ø§Ø² Ù„Ø§ ÙŠØ¯Ø¹Ù… Bluetooth. ÙŠØªØ·Ù„Ø¨ bitchat ÙˆØ¬ÙˆØ¯ Bluetooth Ù„Ù„Ø¹Ù…Ù„.
alert.bluetooth_required,Bluetooth Required,ÙŠØªØ·Ù„Ø¨ Ø§Ù„Ø¨Ù„ÙˆØªÙˆØ«
appinfo.features.encryption.desc,private messages encrypted with noise protocol,Ø±Ø³Ø§Ø¦Ù„ Ø®Ø§ØµØ© Ù…Ø´ÙØ±Ø© Ø¨Ø¨Ø±ÙˆØªÙˆÙƒÙˆÙ„ Noise
appinfo.features.encryption.title,end-to-end encryption,ØªØ´ÙÙŠØ± Ø´Ø§Ù…Ù„
appinfo.features.extended_range.desc,"messages relay through peers, going the distance",Ø§Ù„Ø±Ø³Ø§Ø¦Ù„ ØªÙØ±Ø­Ù‘Ù„ Ø¹Ø¨Ø± Ø§Ù„Ø£Ù‚Ø±Ø§Ù† Ù„Ù…Ø³Ø§ÙØ§Øª Ø£Ø·ÙˆÙ„
appinfo.features.extended_range.title,extended range,Ù†Ø·Ø§Ù‚ Ù…Ù…ØªØ¯
appinfo.features.favorites.desc,get notified when your favorite people join,ØªÙ„Ù‚Ù‘Ù Ø¥Ø´Ø¹Ø§Ø±Ù‹Ø§ Ø¹Ù†Ø¯ Ø§Ù†Ø¶Ù…Ø§Ù… Ø§Ù„Ù…ÙØ¶Ù„ÙŠÙ†
appinfo.features.favorites.title,favorites,Ø§Ù„Ù…ÙØ¶Ù„Ø©
appinfo.features.geohash.desc,geohash channels to chat with people in nearby regions over decentralized anonymous relays,Ù‚Ù†ÙˆØ§Øª geohash Ù„Ù„Ø¯Ø±Ø¯Ø´Ø© Ù…Ø­Ù„ÙŠÙ‹Ø§ Ø¹Ø¨Ø± Ù…Ø±Ø­Ù„Ø§Øª Ù„Ø§Ù…Ø±ÙƒØ²ÙŠØ©
appinfo.features.geohash.title,local channels,Ù‚Ù†ÙˆØ§Øª Ù…Ø­Ù„ÙŠØ©
appinfo.features.mentions.desc,use @nickname to notify specific people,Ø§Ø³ØªØ®Ø¯Ù… @Ø§Ù„Ø§Ø³Ù… Ù„ØªÙ†Ø¨ÙŠÙ‡ Ø£Ø´Ø®Ø§Øµ Ù…Ø­Ø¯Ø¯ÙŠÙ†
appinfo.features.mentions.title,mentions,Ø¥Ø´Ø§Ø±Ø§Øª
appinfo.features.offline.desc,works without internet using Bluetooth low energy,ÙŠØ¹Ù…Ù„ Ø¨Ø¯ÙˆÙ† Ø¥Ù†ØªØ±Ù†Øª Ø¨Ø§Ø³ØªØ®Ø¯Ø§Ù… Ø¨Ù„ÙˆØªÙˆØ« Ù…Ù†Ø®ÙØ¶ Ø§Ù„Ø·Ø§Ù‚Ø©
appinfo.features.offline.title,offline communication,Ø§ØªØµØ§Ù„ Ø¯ÙˆÙ† Ø¥Ù†ØªØ±Ù†Øª
appinfo.features.title,FEATURES,Ø§Ù„Ù…ÙŠØ²Ø§Øª
appinfo.howto.bullet.clear,â€¢ triple-tap chat to clear,â€¢ Ø§Ù†Ù‚Ø± Ø«Ù„Ø§Ø«Ù‹Ø§ Ù„Ù…Ø³Ø­ Ø§Ù„Ø¯Ø±Ø¯Ø´Ø©
appinfo.howto.bullet.commands,â€¢ type / for commands,â€¢ Ø§ÙƒØªØ¨ / Ù„Ù„Ø£ÙˆØ§Ù…Ø±
appinfo.howto.bullet.dm,â€¢ tap a peer's name to start a DM,â€¢ Ø§Ø¶ØºØ· Ø§Ù„Ø§Ø³Ù… Ù„Ø¨Ø¯Ø¡ Ø±Ø³Ø§Ù„Ø© Ø®Ø§ØµØ©
appinfo.howto.bullet.mesh,â€¢ tap #mesh to change channels,â€¢ Ø§Ø¶ØºØ· #mesh Ù„ØªØºÙŠÙŠØ± Ø§Ù„Ù‚Ù†ÙˆØ§Øª
appinfo.howto.bullet.nickname,â€¢ set your nickname by tapping it,â€¢ Ø§Ø¶ØºØ· Ù„Ø¶Ø¨Ø· Ù„Ù‚Ø¨Ùƒ
appinfo.howto.bullet.sidebar,â€¢ tap people icon for sidebar,â€¢ Ø§Ø¶ØºØ· Ø£ÙŠÙ‚ÙˆÙ†Ø© Ø§Ù„Ø£Ø´Ø®Ø§Øµ Ù„Ù„Ø´Ø±ÙŠØ· Ø§Ù„Ø¬Ø§Ù†Ø¨ÙŠ
appinfo.howto.title,HOW TO USE,ÙƒÙŠÙÙŠØ© Ø§Ù„Ø§Ø³ØªØ®Ø¯Ø§Ù…
appinfo.privacy.ephemeral.desc,new peer ID generated regularly,Ø¥Ù†Ø´Ø§Ø¡ Ù…Ø¹Ø±Ù Ø¬Ø¯ÙŠØ¯ Ø¨Ø§Ù†ØªØ¸Ø§Ù…
appinfo.privacy.ephemeral.title,ephemeral identity,Ù‡ÙˆÙŠØ© Ù…Ø¤Ù‚ØªØ©
appinfo.privacy.no_tracking.desc,"no servers, accounts, or data collection",Ù„Ø§ Ø®ÙˆØ§Ø¯Ù… ÙˆÙ„Ø§ Ø­Ø³Ø§Ø¨Ø§Øª ÙˆÙ„Ø§ Ø¬Ù…Ø¹ Ø¨ÙŠØ§Ù†Ø§Øª
appinfo.privacy.no_tracking.title,no tracking,Ø¨Ø¯ÙˆÙ† ØªØªØ¨Ø¹
appinfo.privacy.panic.desc,triple-tap logo to instantly clear all data,Ø§Ù†Ù‚Ø± Ø¹Ù„Ù‰ Ø§Ù„Ø´Ø¹Ø§Ø± Ø«Ù„Ø§Ø« Ù…Ø±Ø§Øª Ù„Ù…Ø³Ø­ ÙƒÙ„ Ø§Ù„Ø¨ÙŠØ§Ù†Ø§Øª
appinfo.privacy.panic.title,panic mode,ÙˆØ¶Ø¹ Ø§Ù„Ø°Ø¹Ø±
appinfo.privacy.title,PRIVACY,Ø§Ù„Ø®ØµÙˆØµÙŠØ©
appinfo.tagline,sidegroupchat,sidegroupchat
appinfo.warning.message,private message security has not yet been fully audited. do not use for critical situations until this warning disappears.,Ø£Ù…Ø§Ù† Ø§Ù„Ø±Ø³Ø§Ø¦Ù„ Ø§Ù„Ø®Ø§ØµØ© Ù„Ù… ÙŠÙØ¯Ù‚Ù‚ Ø¨Ø§Ù„ÙƒØ§Ù…Ù„ Ø¨Ø¹Ø¯. Ù„Ø§ ØªØ³ØªØ®Ø¯Ù… ÙÙŠ Ø§Ù„Ø­Ø§Ù„Ø§Øª Ø§Ù„Ø­Ø±Ø¬Ø© Ø­ØªÙ‰ ÙŠØ²ÙˆÙ„ Ù‡Ø°Ø§ Ø§Ù„ØªØ­Ø°ÙŠØ±.
appinfo.warning.title,WARNING,ØªØ­Ø°ÙŠØ±
channel.mesh,Mesh,Ø´Ø¨ÙƒØ©
cmd.block.already,%@ is already blocked,%@ is already blocked
cmd.block.help,Block or list blocked peers. Usage: /block [nickname],Ø­Ø¸Ø± Ø£Ùˆ Ø¹Ø±Ø¶ Ø§Ù„Ù…Ø­Ø¸ÙˆØ±ÙŠÙ†. Ø§Ù„Ø§Ø³ØªØ®Ø¯Ø§Ù…: /block [Ø§Ø³Ù…]
cmd.block.list,blocked peers: %@ | geohash blocks: %@,blocked peers: %@ | geohash blocks: %@
cmd.block.not_found,cannot block %@: not found or unable to verify identity,cannot block %@: not found or unable to verify identity
cmd.block.success,blocked %@. you will no longer receive messages from them,blocked %@. you will no longer receive messages from them
cmd.block.success_geohash,blocked %@ in geohash chats,blocked %@ in geohash chats
cmd.block.title,Block,Ø­Ø¸Ø±
cmd.clear.help,Clear chat messages. Usage: /clear,Ù…Ø³Ø­ Ø§Ù„Ø±Ø³Ø§Ø¦Ù„. Ø§Ù„Ø§Ø³ØªØ®Ø¯Ø§Ù…: /clear
cmd.clear.title,Clear,Ù…Ø³Ø­
cmd.emote.not_found,cannot %@ %@: not found,cannot %@ %@: not found
cmd.emote.usage,usage: /%@ <nickname>,usage: /%@ <nickname>
cmd.error.invalid,Invalid command,Invalid command
cmd.error.not_found,'%@' not found,'%@' not found
cmd.error.unknown_command,unknown command: %@,unknown command: %@
cmd.fav.added,added %@ to favorites,added %@ to favorites
cmd.fav.help,Add to favorites. Usage: /fav <nickname>,Ø¥Ø¶Ø§ÙØ© Ø¥Ù„Ù‰ Ø§Ù„Ù…ÙØ¶Ù„Ø©. Ø§Ù„Ø§Ø³ØªØ®Ø¯Ø§Ù…: /fav <Ø§Ø³Ù…>
cmd.fav.removed,removed %@ from favorites,removed %@ from favorites
cmd.fav.title,Favorite,Ù…ÙØ¶Ù„Ø©
cmd.fav.usage,usage: /%@ <nickname>,usage: /%@ <nickname>
cmd.help.help,Show this help. Usage: /help,Ø¹Ø±Ø¶ Ù‡Ø°Ù‡ Ø§Ù„Ù…Ø³Ø§Ø¹Ø¯Ø©. Ø§Ù„Ø§Ø³ØªØ®Ø¯Ø§Ù…: /help
cmd.help.summary,"commands:
/msg @name - start private chat
/who - list who's online
/clear - clear messages
/hug @name - send a hug
/slap @name - slap with a trout
/fav @name - add to favorites
/unfav @name - remove from favorites
/block @name - block
/unblock @name - unblock","commands:
/msg @name - start private chat
/who - list who's online
/clear - clear messages
/hug @name - send a hug
/slap @name - slap with a trout
/fav @name - add to favorites
/unfav @name - remove from favorites
/block @name - block
/unblock @name - unblock"
cmd.help.title,Help,Ù…Ø³Ø§Ø¹Ø¯Ø©
cmd.hug.help,Send someone a warm hug. Usage: /hug <nickname>,Ø£Ø±Ø³Ù„ Ø¹Ù†Ø§Ù‚Ù‹Ø§. Ø§Ù„Ø§Ø³ØªØ®Ø¯Ø§Ù…: /hug <Ø§Ø³Ù…>
cmd.hug.title,Hug,Ø¹Ù†Ø§Ù‚
cmd.invalid,Invalid command,Invalid command
cmd.msg.help,Send private message. Usage: /m <nickname> [message],Ø¥Ø±Ø³Ø§Ù„ Ø±Ø³Ø§Ù„Ø© Ø®Ø§ØµØ©. Ø§Ù„Ø§Ø³ØªØ®Ø¯Ø§Ù…: /m <Ø§Ø³Ù…> [Ø±Ø³Ø§Ù„Ø©]
cmd.msg.started,started private chat with %@,started private chat with %@
cmd.msg.title,Private Message,Ø±Ø³Ø§Ù„Ø© Ø®Ø§ØµØ©
cmd.msg.usage,usage: /msg @nickname [message],usage: /msg @nickname [message]
cmd.peer.not_found,can't find peer: %@,can't find peer: %@
cmd.slap.help,Slap someone with a trout. Usage: /slap <nickname>,ØµÙØ¹ Ø³Ù…ÙƒØ© ØªØ±Ø§ÙˆØª. Ø§Ù„Ø§Ø³ØªØ®Ø¯Ø§Ù…: /slap <Ø§Ø³Ù…>
cmd.slap.title,Slap,ØµÙØ¹Ø©
cmd.unblock.help,Unblock a peer. Usage: /unblock <nickname>,Ø¥Ù„ØºØ§Ø¡ Ø­Ø¸Ø± Ù…Ø³ØªØ®Ø¯Ù…. Ø§Ù„Ø§Ø³ØªØ®Ø¯Ø§Ù…: /unblock <Ø§Ø³Ù…>
cmd.unblock.not_blocked,%@ is not blocked,%@ is not blocked
cmd.unblock.not_found,cannot unblock %@: not found,cannot unblock %@: not found
cmd.unblock.success,unblocked %@,unblocked %@
cmd.unblock.success_geohash,unblocked %@ in geohash chats,unblocked %@ in geohash chats
cmd.unblock.title,Unblock,Ø¥Ù„ØºØ§Ø¡ Ø§Ù„Ø­Ø¸Ø±
cmd.unblock.usage,usage: /unblock <nickname>,usage: /unblock <nickname>
cmd.unfav.help,Remove from favorites. Usage: /unfav <nickname>,Ø¥Ø²Ø§Ù„Ø© Ù…Ù† Ø§Ù„Ù…ÙØ¶Ù„Ø©. Ø§Ù„Ø§Ø³ØªØ®Ø¯Ø§Ù…: /unfav <Ø§Ø³Ù…>
cmd.unfav.title,Unfavorite,Ø¥Ø²Ø§Ù„Ø© Ù…Ù† Ø§Ù„Ù…ÙØ¶Ù„Ø©
cmd.unknown,unknown command: %@,unknown command: %@
cmd.who.help,See who's online. Usage: /w,Ø¹Ø±Ø¶ Ø§Ù„Ù…ØªØµÙ„ÙŠÙ†. Ø§Ù„Ø§Ø³ØªØ®Ø¯Ø§Ù…: /w
cmd.who.none_online,no one else is online right now,no one else is online right now
cmd.who.online_list,online: %@,online: %@
cmd.who.title,Who,Ù…Ù†
common.cancel,Cancel,Ø¥Ù„ØºØ§Ø¡
common.close,close,Ø¥ØºÙ„Ø§Ù‚
common.copy,Copy,Ù†Ø³Ø®
common.done,DONE,ØªÙ…
common.none,none,none
common.ok,OK,Ù…ÙˆØ§ÙÙ‚
common.open_settings,open settings,ÙØªØ­ Ø§Ù„Ø¥Ø¹Ø¯Ø§Ø¯Ø§Øª
common.show_less,Show less,Ø¹Ø±Ø¶ Ø£Ù‚Ù„
common.show_more,Show more,Ø¹Ø±Ø¶ Ø§Ù„Ù…Ø²ÙŠØ¯
common.unknown,Unknown,ØºÙŠØ± Ù…Ø¹Ø±ÙˆÙ
delivery.delivered_to,Delivered to %@,ØªÙ… Ø§Ù„ØªØ³Ù„ÙŠÙ… Ø¥Ù„Ù‰ %@
delivery.failed,Failed: %@,ÙØ´Ù„: %@
delivery.partial_members.one,Delivered to %d of %d member,ØªÙ… Ø§Ù„ØªØ³Ù„ÙŠÙ… Ø¥Ù„Ù‰ %d Ù…Ù† %d Ø¹Ø¶Ùˆ
delivery.partial_members.other,Delivered to %d of %d members,ØªÙ… Ø§Ù„ØªØ³Ù„ÙŠÙ… Ø¥Ù„Ù‰ %d Ù…Ù† %d Ø£Ø¹Ø¶Ø§Ø¡
delivery.partial_ratio,Delivered to %d/%d,ØªÙ… Ø§Ù„ØªØ³Ù„ÙŠÙ… %d/%d
delivery.read_by,Read by %@,Ù‚ÙØ±ÙØ¦ Ø¨ÙˆØ§Ø³Ø·Ø© %@
delivery.sending,Sending...,Ø¬Ø§Ø±Ù Ø§Ù„Ø¥Ø±Ø³Ø§Ù„...
delivery.sent,Sent,ØªÙ… Ø§Ù„Ø¥Ø±Ø³Ø§Ù„
encryption.status.handshaking,Establishing encryption...,Establishing encryption...
encryption.status.no_handshake,Not encrypted,Not encrypted
encryption.status.none,Encryption failed,Encryption failed
encryption.status.secured,Encrypted,Encrypted
encryption.status.verified,Encrypted & Verified,Encrypted & Verified
errors.invalid_geohash,invalid geohash,geohash ØºÙŠØ± ØµØ§Ù„Ø­
fp.compare_instruction,compare these fingerprints with %@ using a secure channel.,Ù‚Ø§Ø±Ù† Ù‡Ø°Ù‡ Ø§Ù„Ø¨ØµÙ…Ø§Øª Ù…Ø¹ %@ Ø¨Ø§Ø³ØªØ®Ø¯Ø§Ù… Ù‚Ù†Ø§Ø© Ø¢Ù…Ù†Ø©.
fp.handshake_in_progress,not available - handshake in progress,ØºÙŠØ± Ù…ØªØ§Ø­ - Ø§Ù„Ù…ØµØ§ÙØ­Ø© Ø¬Ø§Ø±ÙŠØ©
fp.mark_verified,MARK AS VERIFIED,ÙˆØ¶Ø¹ Ø¹Ù„Ø§Ù…Ø© ÙƒÙ…ØªØ­Ù‚Ù‚
fp.not_verified,âš ï¸ NOT VERIFIED,âš ï¸ ØºÙŠØ± Ù…ÙØªØ­Ù‚Ù‚
fp.status.secured,secured,Ù…Ø¤Ù…Ù‘Ù†
fp.status.unencrypted,not encrypted,ØºÙŠØ± Ù…Ø´ÙØ±
fp.status.verified,verified,Ù…ÙØªØ­Ù‚Ù‚
fp.their,THEIR FINGERPRINT:,Ø¨ØµÙ…ØªÙ‡Ù…:
fp.title,SECURITY VERIFICATION,Ø§Ù„ØªØ­Ù‚Ù‚ Ø§Ù„Ø£Ù…Ù†ÙŠ
fp.verified,âœ“ VERIFIED,âœ“ Ù…ÙØªØ­Ù‚Ù‚
fp.verified.detail,you have verified this person's identity.,Ù„Ù‚Ø¯ ØªØ­Ù‚Ù‚Øª Ù…Ù† Ù‡ÙˆÙŠØ© Ù‡Ø°Ø§ Ø§Ù„Ø´Ø®Øµ.
fp.yours,YOUR FINGERPRINT:,Ø¨ØµÙ…ØªÙƒ:
help.title,How to Use,ÙƒÙŠÙÙŠØ© Ø§Ù„Ø§Ø³ØªØ®Ø¯Ø§Ù…
label.you_suffix, (you), (Ø£Ù†Øª)
location.about,"chat with people near you using geohash channels. only a coarse geohash is shared, never exact gps.",Ø§Ù„Ø¯Ø±Ø¯Ø´Ø© Ù…Ø¹ Ø§Ù„Ø£Ø´Ø®Ø§Øµ Ø§Ù„Ù‚Ø±ÙŠØ¨ÙŠÙ† Ø¨Ø§Ø³ØªØ®Ø¯Ø§Ù… Ù‚Ù†ÙˆØ§Øª geohash. ØªØªÙ… Ù…Ø´Ø§Ø±ÙƒØ© geohash ØªÙ‚Ø±ÙŠØ¨ÙŠ ÙÙ‚Ø·ØŒ ÙˆÙ„ÙŠØ³ GPS Ø§Ù„Ø¯Ù‚ÙŠÙ‚.
location.enable_action,get location and my geohashes,Ø§Ù„Ø­ØµÙˆÙ„ Ø¹Ù„Ù‰ Ø§Ù„Ù…ÙˆÙ‚Ø¹ Ùˆ geohash Ø§Ù„Ø®Ø§Øµ Ø¨ÙŠ
location.finding,finding nearby channelsâ€¦,Ø¬Ø§Ø±ÙŠ Ø§Ù„Ø¹Ø«ÙˆØ± Ø¹Ù„Ù‰ Ù‚Ù†ÙˆØ§Øª Ù‚Ø±ÙŠØ¨Ø©â€¦
location.level.block,Block,Ù…Ø±Ø¨Ù‘Ø¹
location.level.city,City,Ù…Ø¯ÙŠÙ†Ø©
location.level.country,Country,Ø¨Ù„Ø¯
location.level.neighborhood,Neighborhood,Ø­ÙŠÙ‘
location.level.region,Region,Ù…Ù†Ø·Ù‚Ø©
location.mesh,mesh,Ø´Ø¨ÙƒØ©
location.permission_denied,location permission denied. enable in settings to use location channels.,ØªÙ… Ø±ÙØ¶ Ø¥Ø°Ù† Ø§Ù„Ù…ÙˆÙ‚Ø¹. ÙØ¹Ù‘ÙÙ„ ÙÙŠ Ø§Ù„Ø¥Ø¹Ø¯Ø§Ø¯Ø§Øª Ù„Ø§Ø³ØªØ®Ø¯Ø§Ù… Ù‚Ù†ÙˆØ§Øª Ø§Ù„Ù…ÙˆÙ‚Ø¹.
location.remove_access,remove location access,Ø¥Ø²Ø§Ù„Ø© ÙˆØµÙˆÙ„ Ø§Ù„Ù…ÙˆÙ‚Ø¹
location.teleport,teleport,Ø§Ù†ØªÙ‚Ø§Ù„ ÙÙˆØ±ÙŠ
nav.home,Home,Ø§Ù„ØµÙØ­Ø© Ø§Ù„Ø±Ø¦ÙŠØ³ÙŠØ©
nav.location_channels,#location channels,#Ù‚Ù†ÙˆØ§Øª Ø§Ù„Ù…ÙˆÙ‚Ø¹
nav.people,PEOPLE,Ø§Ù„Ø£Ø´Ø®Ø§Øµ
nav.settings,Settings,Ø§Ù„Ø¥Ø¹Ø¯Ø§Ø¯Ø§Øª
notif.favorite_online.body,wanna get in there?,wanna get in there?
notif.favorite_online.title,â­ %@ is online!,â­ %@ is online!
notif.mention.title,ğŸ«µ you were mentioned by %@,ğŸ«µ you were mentioned by %@
notif.network_available.body.one,1 person around,1 person around
notif.network_available.body.other,%d people around,%d people around
notif.network_available.title,ğŸ‘¥ bitchatters nearby!,ğŸ‘¥ bitchatters nearby!
notif.private_message.title,ğŸ”’ private message from %@,ğŸ”’ private message from %@
payment.cashu,pay via cashu,Ø§Ù„Ø¯ÙØ¹ Ø¹Ø¨Ø± cashu
payment.lightning,pay via lightning,Ø§Ù„Ø¯ÙØ¹ Ø¹Ø¨Ø± lightning
peer.blocked,Blocked,Ù…Ø­Ø¸ÙˆØ±
peer.blocked_geohash,Blocked in geohash,Ù…Ø­Ø¸ÙˆØ± ÙÙŠ geohash
people.none_around,nobody around...,Ù„Ø§ Ø£Ø­Ø¯ Ø¨Ø§Ù„Ù‚Ø±Ø¨...
placeholder.geohash,geohash,geohash
placeholder.nickname,nickname,Ø§Ø³Ù… Ù…Ø³ØªØ¹Ø§Ø±
placeholder.type_message,type a message,type a message
share.link_title,Shared Link,Ø±Ø§Ø¨Ø· Ù…ÙØ´ØªØ±Ùƒ
share.placeholder,Share to bitchat...,Ø§Ù„Ù…Ø´Ø§Ø±ÙƒØ© Ø¥Ù„Ù‰ bitchat...
share.success,âœ“ Shared to bitchat,âœ“ ØªÙ…Ù‘Øª Ø§Ù„Ù…Ø´Ø§Ø±ÙƒØ© Ø¥Ù„Ù‰ bitchat
system.blocked_geohash,blocked %@ in geohash chats,Ø­ÙØ¸Ø± %@ ÙÙŠ Ø¯Ø±Ø¯Ø´Ø§Øª geohash
system.cannot_send_blocked,cannot send message: user is blocked.,Ù„Ø§ ÙŠÙ…ÙƒÙ† Ø¥Ø±Ø³Ø§Ù„ Ø§Ù„Ø±Ø³Ø§Ù„Ø©: Ø§Ù„Ù…Ø³ØªØ®Ø¯Ù… Ù…Ø­Ø¸ÙˆØ±.
system.cannot_send_blocked_to,cannot send message to %@: user is blocked.,Ù„Ø§ ÙŠÙ…ÙƒÙ† Ø¥Ø±Ø³Ø§Ù„ Ø±Ø³Ø§Ù„Ø© Ø¥Ù„Ù‰ %@: Ø§Ù„Ù…Ø³ØªØ®Ø¯Ù… Ù…Ø­Ø¸ÙˆØ±.
system.cannot_send_not_in_location,cannot send: not in a location channel,Ù„Ø§ ÙŠÙ…ÙƒÙ† Ø§Ù„Ø¥Ø±Ø³Ø§Ù„: Ù„Ø³Øª ÙÙŠ Ù‚Ù†Ø§Ø© Ù…ÙˆÙ‚Ø¹
system.cannot_send_unreachable,Cannot send message to %@ - peer is not reachable via mesh or Nostr.,Ù„Ø§ ÙŠÙ…ÙƒÙ† Ø¥Ø±Ø³Ø§Ù„ Ø±Ø³Ø§Ù„Ø© Ø¥Ù„Ù‰ %@ â€” Ø§Ù„Ù†Ø¸ÙŠØ± ØºÙŠØ± Ù‚Ø§Ø¨Ù„ Ù„Ù„ÙˆØµÙˆÙ„ Ø¹Ø¨Ø± Ø§Ù„Ø´Ø¨ÙƒØ© Ø£Ùˆ Nostr.
system.cannot_start_blocked,cannot start chat with %@: user is blocked.,Ù„Ø§ ÙŠÙ…ÙƒÙ† Ø¨Ø¯Ø¡ Ù…Ø­Ø§Ø¯Ø«Ø© Ù…Ø¹ %@: Ø§Ù„Ù…Ø³ØªØ®Ø¯Ù… Ù…Ø­Ø¸ÙˆØ±.
system.cannot_start_need_mutual,cannot start chat with %@: mutual favorite required for offline messaging.,Ù„Ø§ ÙŠÙ…ÙƒÙ† Ø¨Ø¯Ø¡ Ù…Ø­Ø§Ø¯Ø«Ø© Ù…Ø¹ %@: ÙŠÙ„Ø²Ù… ØªÙØ¶ÙŠÙ„ Ù…ØªØ¨Ø§Ø¯Ù„ Ù„Ù„Ø±Ø³Ø§Ø¦Ù„ Ø¯ÙˆÙ† Ø§ØªØµØ§Ù„.
system.favorited_you,%@ favorited you,%@ Ø£Ø¶Ø§ÙÙƒ ÙƒÙ…ÙØ¶Ù„
system.send_failed_location,failed to send to location channel,ÙØ´Ù„ Ø§Ù„Ø¥Ø±Ø³Ø§Ù„ Ø¥Ù„Ù‰ Ù‚Ù†Ø§Ø© Ø§Ù„Ù…ÙˆÙ‚Ø¹
system.unblocked_geohash,unblocked %@ in geohash chats,Ø£ÙØ²ÙŠÙ„ Ø§Ù„Ø­Ø¸Ø± Ø¹Ù† %@ ÙÙŠ Ø¯Ø±Ø¯Ø´Ø§Øª geohash
system.unfavorited_you,%@ unfavorited you,%@ Ø£Ø²Ø§Ù„Ùƒ Ù…Ù† Ø§Ù„Ù…ÙØ¶Ù„Ø©
test.baseOnly,Base Fallback,Base Fallback
test.sample,Sample,Ù…Ø«Ø§Ù„
